﻿<?xml version="1.0" encoding="utf-8"?>
<vernacularParms>
  <scriptureBook ubsAbbreviation="INT" parm="vernacularFullName">Introduction</scriptureBook>
  <scriptureBook ubsAbbreviation="MAT" parm="vernacularFullName">ΕΥΑΓΓΕΛΙΟΝ ΤΟ ΚΑΤΑ ΜΑΤΘΑΙΟΝ</scriptureBook>
  <scriptureBook ubsAbbreviation="MRK" parm="vernacularFullName">ΕΥΑΓΓΕΛΙΟΝ ΤΟ ΚΑΤΑ ΜΑΡΚΟΝ</scriptureBook>
  <scriptureBook ubsAbbreviation="LUK" parm="vernacularFullName">ΕΥΑΓΓΕΛΙΟΝ ΤΟ ΚΑΤΑ ΛΟΥΚΑΝ</scriptureBook>
  <scriptureBook ubsAbbreviation="JHN" parm="vernacularFullName">ΕΥΑΓΓΕΛΙΟΝ ΤΟ ΚΑΤΑ ΙΩΑΝΝΗΝ</scriptureBook>
  <scriptureBook ubsAbbreviation="ACT" parm="vernacularFullName">ΠΡΑΞΕΙΣ ΤΩΝ ΑΠΟΣΤΟΛΩΝ</scriptureBook>
  <scriptureBook ubsAbbreviation="ROM" parm="vernacularFullName">ΠΑΥΛΟΥ ΤΟΥ ΑΠΟΣΤΟΛΟΥ Η ΠΡΟΣ ΡΩΜΑΙΟΥΣ ΕΠΙΣΤΟΛΗ</scriptureBook>
  <scriptureBook ubsAbbreviation="1CO" parm="vernacularFullName">ΠΑΥΛΟΥ ΤΟΥ ΑΠΟΣΤΟΛΟΥ Η ΠΡΟΣ ΚΟΡΙΝΘΙΟΥΣ ΕΠΙΣΤΟΛΗ ΠΡΩΤΗ</scriptureBook>
  <scriptureBook ubsAbbreviation="2CO" parm="vernacularFullName">ΠΑΥΛΟΥ ΤΟΥ ΑΠΟΣΤΟΛΟΥ Η ΠΡΟΣ ΚΟΡΙΝΘΙΟΥΣ ΕΠΙΣΤΟΛΗ ΠΡΩΤΗ</scriptureBook>
  <scriptureBook ubsAbbreviation="GAL" parm="vernacularFullName">ΠΑΥΛΟΥ ΤΟΥ ΑΠΟΣΤΟΛΟΥ Η ΠΡΟΣ ΓΑΛΑΤΑΣ ΕΠΙΣΤΟΛΗ</scriptureBook>
  <scriptureBook ubsAbbreviation="EPH" parm="vernacularFullName">ΠΑΥΛΟΥ ΤΟΥ ΑΠΟΣΤΟΛΟΥ Η ΠΡΟΣ ΕΦΕΣΙΟΥΣ ΕΠΙΣΤΟΛΗ</scriptureBook>
  <scriptureBook ubsAbbreviation="PHP" parm="vernacularFullName">ΠΑΥΛΟΥ ΤΟΥ ΑΠΟΣΤΟΛΟΥ Η ΠΡΟΣ ΦΙΛΙΠΠΗΣΙΟΥΣ ΕΠΙΣΤΟΛΗ</scriptureBook>
  <scriptureBook ubsAbbreviation="COL" parm="vernacularFullName">ΠΑΥΛΟΥ ΤΟΥ ΑΠΟΣΤΟΛΟΥ Η ΠΡΟΣ ΚΟΛΟΣΣΑΕΙΣ ΕΠΙΣΤΟΛΗ</scriptureBook>
  <scriptureBook ubsAbbreviation="1TH" parm="vernacularFullName">ΠΑΥΛΟΥ ΤΟΥ ΑΠΟΣΤΟΛΟΥ Η ΠΡΟΣ ΘΕΣΣΑΛΟΝΙΚΕΙΣ ΕΠΙΣΤΟΛΗ ΠΡΩΤΗ</scriptureBook>
  <scriptureBook ubsAbbreviation="2TH" parm="vernacularFullName">ΠΑΥΛΟΥ ΤΟΥ ΑΠΟΣΤΟΛΟΥ Η ΠΡΟΣ ΘΕΣΣΑΛΟΝΙΚΕΙΣ ΕΠΙΣΤΟΛΗ ΔΕΥΤΕΡΑ</scriptureBook>
  <scriptureBook ubsAbbreviation="1TI" parm="vernacularFullName">ΠΑΥΛΟΥ ΤΟΥ ΑΠΟΣΤΟΛΟΥ Η ΠΡΟΣ ΤΙΜΟΘΕΟΝ ΕΠΙΣΤΟΛΗ ΠΡΩΤΗ</scriptureBook>
  <scriptureBook ubsAbbreviation="2TI" parm="vernacularFullName">ΠΑΥΛΟΥ ΤΟΥ ΑΠΟΣΤΟΛΟΥ Η ΠΡΟΣ ΤΙΜΟΘΕΟΝ ΕΠΙΣΤΟΛΗ ΔΕΥΤΕΡΑ</scriptureBook>
  <scriptureBook ubsAbbreviation="TIT" parm="vernacularFullName">ΠΑΥΛΟΥ ΤΟΥ ΑΠΟΣΤΟΛΟΥ Η ΠΡΟΣ ΤΙΤΟΝ ΕΠΙΣΤΟΛΗ</scriptureBook>
  <scriptureBook ubsAbbreviation="PHM" parm="vernacularFullName">ΠΑΥΛΟΥ ΤΟΥ ΑΠΟΣΤΟΛΟΥ Η ΠΡΟΣ ΦΙΛΗΜΟΝΑ ΕΠΙΣΤΟΛΗ</scriptureBook>
  <scriptureBook ubsAbbreviation="HEB" parm="vernacularFullName">ΠΑΥΛΟΥ ΤΟΥ ΑΠΟΣΤΟΛΟΥ Η ΠΡΟΣ ΕΒΡΑΙΟΥΣ ΕΠΙΣΤΟΛΗ</scriptureBook>
  <scriptureBook ubsAbbreviation="JAS" parm="vernacularFullName">ΙΑΚΩΒΟΥ ΕΠΙΣΤΟΛΗ ΚΑΘΟΛΙΚΗ</scriptureBook>
  <scriptureBook ubsAbbreviation="1PE" parm="vernacularFullName">ΠΕΤΡΟΥ ΕΠΙΣΤΟΛΗ ΚΑΘΟΛΙΚΗ ΠΡΩΤΗ</scriptureBook>
  <scriptureBook ubsAbbreviation="2PE" parm="vernacularFullName">ΠΕΤΡΟΥ ΕΠΙΣΤΟΛΗ ΚΑΘΟΛΙΚΗ ΔΕΥΤΕΡΑ</scriptureBook>
  <scriptureBook ubsAbbreviation="1JN" parm="vernacularFullName">ΙΩΑΝΝΟΥ ΕΠΙΣΤΟΛΗ ΚΑΘΟΛΙΚΗ ΠΡΩΤΗ</scriptureBook>
  <scriptureBook ubsAbbreviation="2JN" parm="vernacularFullName">ΙΩΑΝΝΟΥ ΕΠΙΣΤΟΛΗ ΔΕΥΤΕΡΑ</scriptureBook>
  <scriptureBook ubsAbbreviation="3JN" parm="vernacularFullName">ΙΩΑΝΝΟΥ ΕΠΙΣΤΟΛΗ ΤΡΙΤΗ</scriptureBook>
  <scriptureBook ubsAbbreviation="JUD" parm="vernacularFullName">ΙΟΥΔΑ ΕΠΙΣΤΟΛΗ ΚΑΘΟΛΙΚΗ</scriptureBook>
  <scriptureBook ubsAbbreviation="REV" parm="vernacularFullName">ΑΠΟΚΑΛΥΨΙΣ ΤΟΥ ΑΓΙΟΥ ΙΩΑΝΝΟΥ ΤΟΥ ΘΕΟΛΟΓΟΥ</scriptureBook>
  <scriptureBook ubsAbbreviation="INT" parm="vernacularAbbreviatedName">Introduction</scriptureBook>
  <scriptureBook ubsAbbreviation="MAT" parm="vernacularAbbreviatedName">ΚΑΤΑ ΜΑΤΘΑΙΟΝ</scriptureBook>
  <scriptureBook ubsAbbreviation="MRK" parm="vernacularAbbreviatedName">ΚΑΤΑ ΜΑΡΚΟΝ</scriptureBook>
  <scriptureBook ubsAbbreviation="LUK" parm="vernacularAbbreviatedName">ΚΑΤΑ ΛΟΥΚΑΝ</scriptureBook>
  <scriptureBook ubsAbbreviation="JHN" parm="vernacularAbbreviatedName">ΚΑΤΑ ΙΩΑΝΝΗΝ</scriptureBook>
  <scriptureBook ubsAbbreviation="ACT" parm="vernacularAbbreviatedName">ΠΡΑΞΕΙΣ ΑΠΟΣΤΟΛΩΝ</scriptureBook>
  <scriptureBook ubsAbbreviation="ROM" parm="vernacularAbbreviatedName">ΠΡΟΣ ΡΩΜΑΙΟΥΣ</scriptureBook>
  <scriptureBook ubsAbbreviation="1CO" parm="vernacularAbbreviatedName">ΠΡΟΣ ΚΟΡΙΝΘΙΟΥΣ Α</scriptureBook>
  <scriptureBook ubsAbbreviation="2CO" parm="vernacularAbbreviatedName">ΠΡΟΣ ΚΟΡΙΝΘΙΟΥΣ Β</scriptureBook>
  <scriptureBook ubsAbbreviation="GAL" parm="vernacularAbbreviatedName">ΠΡΟΣ ΓΑΛΑΤΑΣ</scriptureBook>
  <scriptureBook ubsAbbreviation="EPH" parm="vernacularAbbreviatedName">ΠΡΟΣ ΕΦΕΣΙΟΥΣ</scriptureBook>
  <scriptureBook ubsAbbreviation="PHP" parm="vernacularAbbreviatedName">ΠΡΟΣ ΦΙΛΙΠΠΗΣΙΟΥΣ</scriptureBook>
  <scriptureBook ubsAbbreviation="COL" parm="vernacularAbbreviatedName">ΠΡΟΣ ΚΟΛΟΣΣΑΕΙΣ</scriptureBook>
  <scriptureBook ubsAbbreviation="1TH" parm="vernacularAbbreviatedName">ΠΡΟΣ ΘΕΣΣΑΛΟΝΙΚΕΙΣ Α</scriptureBook>
  <scriptureBook ubsAbbreviation="2TH" parm="vernacularAbbreviatedName">ΠΡΟΣ ΘΕΣΣΑΛΟΝΙΚΕΙΣ Β</scriptureBook>
  <scriptureBook ubsAbbreviation="1TI" parm="vernacularAbbreviatedName">ΠΡΟΣ ΤΙΜΟΘΕΟΝ Α</scriptureBook>
  <scriptureBook ubsAbbreviation="2TI" parm="vernacularAbbreviatedName">ΠΡΟΣ ΤΙΜΟΘΕΟΝ Β</scriptureBook>
  <scriptureBook ubsAbbreviation="TIT" parm="vernacularAbbreviatedName">ΠΡΟΣ ΤΙΤΟΝ</scriptureBook>
  <scriptureBook ubsAbbreviation="PHM" parm="vernacularAbbreviatedName">ΠΡΟΣ ΦΙΛΗΜΟΝΑ</scriptureBook>
  <scriptureBook ubsAbbreviation="HEB" parm="vernacularAbbreviatedName">ΠΡΟΣ ΕΒΡΑΙΟΥΣ</scriptureBook>
  <scriptureBook ubsAbbreviation="JAS" parm="vernacularAbbreviatedName">ΙΑΚΩΒΟΥ</scriptureBook>
  <scriptureBook ubsAbbreviation="1PE" parm="vernacularAbbreviatedName">ΠΕΤΡΟΥ Α</scriptureBook>
  <scriptureBook ubsAbbreviation="2PE" parm="vernacularAbbreviatedName">ΠΕΤΡΟΥ Β</scriptureBook>
  <scriptureBook ubsAbbreviation="1JN" parm="vernacularAbbreviatedName">ΙΩΑΝΝΟΥ Α</scriptureBook>
  <scriptureBook ubsAbbreviation="2JN" parm="vernacularAbbreviatedName">ΙΩΑΝΝΟΥ Β</scriptureBook>
  <scriptureBook ubsAbbreviation="3JN" parm="vernacularAbbreviatedName">ΙΩΑΝΝΟΥ Γ</scriptureBook>
  <scriptureBook ubsAbbreviation="JUD" parm="vernacularAbbreviatedName">ΙΟΥΔΑ</scriptureBook>
  <scriptureBook ubsAbbreviation="REV" parm="vernacularAbbreviatedName">ΑΠΟΚΑΛΥΨΙΣ ΙΩΑΝΝΟΥ</scriptureBook>
  <scriptureBook ubsAbbreviation="INT" parm="vernacularBookAbbreviation">Introduction</scriptureBook>
  <scriptureBook ubsAbbreviation="MAT" parm="vernacularBookAbbreviation">ΚΑΤΑ ΜΑΤΘΑΙΟΝ</scriptureBook>
  <scriptureBook ubsAbbreviation="MRK" parm="vernacularBookAbbreviation">ΚΑΤΑ ΜΑΡΚΟΝ</scriptureBook>
  <scriptureBook ubsAbbreviation="LUK" parm="vernacularBookAbbreviation">ΚΑΤΑ ΛΟΥΚΑΝ</scriptureBook>
  <scriptureBook ubsAbbreviation="JHN" parm="vernacularBookAbbreviation">ΚΑΤΑ ΙΩΑΝΝΗΝ</scriptureBook>
  <scriptureBook ubsAbbreviation="ACT" parm="vernacularBookAbbreviation">ΠΡΑΞΕΙΣ ΑΠΟΣΤΟΛΩΝ</scriptureBook>
  <scriptureBook ubsAbbreviation="ROM" parm="vernacularBookAbbreviation">ΠΡΟΣ ΡΩΜΑΙΟΥΣ</scriptureBook>
  <scriptureBook ubsAbbreviation="1CO" parm="vernacularBookAbbreviation">ΠΡΟΣ ΚΟΡΙΝΘΙΟΥΣ Α</scriptureBook>
  <scriptureBook ubsAbbreviation="2CO" parm="vernacularBookAbbreviation">ΠΡΟΣ ΚΟΡΙΝΘΙΟΥΣ Β</scriptureBook>
  <scriptureBook ubsAbbreviation="GAL" parm="vernacularBookAbbreviation">ΠΡΟΣ ΓΑΛΑΤΑΣ</scriptureBook>
  <scriptureBook ubsAbbreviation="EPH" parm="vernacularBookAbbreviation">ΠΡΟΣ ΕΦΕΣΙΟΥΣ</scriptureBook>
  <scriptureBook ubsAbbreviation="PHP" parm="vernacularBookAbbreviation">ΠΡΟΣ ΦΙΛΙΠΠΗΣΙΟΥΣ</scriptureBook>
  <scriptureBook ubsAbbreviation="COL" parm="vernacularBookAbbreviation">ΠΡΟΣ ΚΟΛΟΣΣΑΕΙΣ</scriptureBook>
  <scriptureBook ubsAbbreviation="1TH" parm="vernacularBookAbbreviation">ΠΡΟΣ ΘΕΣΣΑΛΟΝΙΚΕΙΣ Α</scriptureBook>
  <scriptureBook ubsAbbreviation="2TH" parm="vernacularBookAbbreviation">ΠΡΟΣ ΘΕΣΣΑΛΟΝΙΚΕΙΣ Β</scriptureBook>
  <scriptureBook ubsAbbreviation="1TI" parm="vernacularBookAbbreviation">ΠΡΟΣ ΤΙΜΟΘΕΟΝ Α</scriptureBook>
  <scriptureBook ubsAbbreviation="2TI" parm="vernacularBookAbbreviation">ΠΡΟΣ ΤΙΜΟΘΕΟΝ Β</scriptureBook>
  <scriptureBook ubsAbbreviation="TIT" parm="vernacularBookAbbreviation">ΠΡΟΣ ΤΙΤΟΝ</scriptureBook>
  <scriptureBook ubsAbbreviation="PHM" parm="vernacularBookAbbreviation">ΠΡΟΣ ΦΙΛΗΜΟΝΑ</scriptureBook>
  <scriptureBook ubsAbbreviation="HEB" parm="vernacularBookAbbreviation">ΠΡΟΣ ΕΒΡΑΙΟΥΣ</scriptureBook>
  <scriptureBook ubsAbbreviation="JAS" parm="vernacularBookAbbreviation">ΙΑΚΩΒΟΥ</scriptureBook>
  <scriptureBook ubsAbbreviation="1PE" parm="vernacularBookAbbreviation">ΠΕΤΡΟΥ Α</scriptureBook>
  <scriptureBook ubsAbbreviation="2PE" parm="vernacularBookAbbreviation">ΠΕΤΡΟΥ Β</scriptureBook>
  <scriptureBook ubsAbbreviation="1JN" parm="vernacularBookAbbreviation">ΙΩΑΝΝΟΥ Α</scriptureBook>
  <scriptureBook ubsAbbreviation="2JN" parm="vernacularBookAbbreviation">ΙΩΑΝΝΟΥ Β</scriptureBook>
  <scriptureBook ubsAbbreviation="3JN" parm="vernacularBookAbbreviation">ΙΩΑΝΝΟΥ Γ</scriptureBook>
  <scriptureBook ubsAbbreviation="JUD" parm="vernacularBookAbbreviation">ΙΟΥΔΑ</scriptureBook>
  <scriptureBook ubsAbbreviation="REV" parm="vernacularBookAbbreviation">ΑΠΟΚΑΛΥΨΙΣ ΙΩΑΝΝΟΥ</scriptureBook>
  <dcMeta xmlns:xsi="http://www.w3.org/2001/XMLSchema-instance" xsi:schemaLocation="http://dublincore.org/schemas/xmls/qdc/2008/02/11/dc.xsd" xmlns:dc="http://purl.org/dc/elements/1.1/">
    <dc:creator />
    <dc:contributor />
    <dc:title>Η Καινή Διαθήκη</dc:title>
    <dc:description>The Greek Textus Receptus New Testament with manuscript annotations by Adam Boyd</dc:description>
    <dc:date>2023-04-20</dc:date>
    <dc:format>digital</dc:format>
    <dc:language>grc</dc:language>
    <dc:publisher>eBible.org</dc:publisher>
    <dc:rights>Public DomainManuscript comparison footnotes dedicated to the Public Domain by Adam Boyd. The Greek Textus Receptus New Testament is firmly in the Public Domain due to its age.</dc:rights>
    <dc:identifier />
    <dc:type />
  </dcMeta>
  <numberSystem>Default</numberSystem>
  <chapterAndVerseSeparator>:</chapterAndVerseSeparator>
  <rangeSeparator>-</rangeSeparator>
  <multiRefSameChapterSeparator>,</multiRefSameChapterSeparator>
  <multiRefDifferentChapterSeparator>;</multiRefDifferentChapterSeparator>
  <verseNumberLocation>Begin</verseNumberLocation>
  <footnoteMarkerStyle>Circulate</footnoteMarkerStyle>
  <footnoteMarkerResetAt>Book</footnoteMarkerResetAt>
  <footnoteMarkers>* † ‡ §</footnoteMarkers>
  <BookSourceForMarkerXt>ShortName</BookSourceForMarkerXt>
  <BookSourceForMarkerR>ShortName</BookSourceForMarkerR>
  <iso>grc</iso>
  <isoVariant />
  <langName>Ελληνικά</langName>
  <textDir>ltr</textDir>
  <hasNotes>True</hasNotes>
  <coverTitle>Η Καινή Διαθήκη</coverTitle>
</vernacularParms>